GeneSymbol	Label	RefAA	PosAA	AltAA
FOXRED1	Pathogenic	Asn	430	Ser
HFE	Pathogenic	Arg	330	Met
HFE	Pathogenic	Gln	283	Pro
WDR35	Pathogenic	Glu	615	Gly
WDR35	Pathogenic	Ala	864	Thr
HOGA1	Pathogenic	Gly	287	Val
HOGA1	Pathogenic	Arg	97	Cys
HOGA1	Pathogenic	Arg	70	Pro
HOGA1	Pathogenic	Cys	257	Gly
WDR62	Pathogenic	Trp	224	Ser
TBC1D24	Pathogenic	Asp	147	His
TBC1D24	Pathogenic	Phe	251	Leu
XPNPEP3	Pathogenic	Gly	453	Cys
CEP152	Pathogenic	Gln	265	Pro
UROD	Pathogenic	Gly	281	Val
UROD	Pathogenic	Gly	281	Glu
UROD	Pathogenic	Arg	292	Gly
UROD	Pathogenic	Pro	62	Leu
UROD	Pathogenic	Met	165	Arg
UROD	Pathogenic	Leu	195	Phe
UROD	Pathogenic	Asn	304	Lys
LIPA	Pathogenic	Leu	200	Pro
ASAH1	Pathogenic	Thr	222	Lys
ASAH1	Pathogenic	Glu	138	Val
ASAH1	Pathogenic	Tyr	36	Cys
ASAH1	Pathogenic	Asn	320	Asp
ASAH1	Pathogenic	Leu	182	Val
TCN2	Benign	Arg	259	Pro
VIPAS39	Pathogenic	Met	1	Arg
CBS	Pathogenic	Gly	307	Ser
CBS	Pathogenic	Pro	145	Leu
CBS	Pathogenic	Ala	114	Val
CBS	Pathogenic	Glu	144	Lys
CBS	Pathogenic	Lys	384	Glu
CBS	Pathogenic	Leu	539	Ser
CBS	Pathogenic	Arg	266	Lys
CBS	Pathogenic	Asp	444	Asn
CBS	Pathogenic	Thr	353	Met
CBS	Pathogenic	Thr	191	Met
SLC52A3	Pathogenic	Phe	224	Leu
SLC52A3	Pathogenic	Pro	28	Thr
OAT	Pathogenic	Tyr	55	His
OAT	Pathogenic	Cys	93	Phe
OAT	Pathogenic	Arg	180	Thr
OAT	Pathogenic	Ala	270	Pro
OAT	Pathogenic	Arg	271	Lys
OAT	Pathogenic	Leu	402	Pro
OAT	Pathogenic	Pro	417	Leu
OAT	Benign	Leu	437	Phe
OAT	Pathogenic	Tyr	245	Cys
OAT	Pathogenic	Val	332	Met
OAT	Pathogenic	His	319	Tyr
OAT	Pathogenic	Ala	184	Thr
OAT	Pathogenic	Pro	241	Leu
OAT	Pathogenic	Arg	250	Pro
OAT	Pathogenic	Gly	353	Asp
OAT	Pathogenic	Ala	226	Val
OAT	Pathogenic	Pro	199	Gln
DPYS	Pathogenic	Gln	334	Arg
DPYS	Pathogenic	Gly	435	Arg
DPYS	Pathogenic	Trp	360	Arg
DPYS	Pathogenic	Arg	412	Met
SH3PXD2B	Pathogenic	Arg	43	Trp
TMEM216	Pathogenic	Arg	73	Leu
TMEM216	Pathogenic	Arg	73	His
TMEM216	Pathogenic	Leu	114	Arg
TMEM216	Pathogenic	Gly	77	Ala
USB1	Pathogenic	Arg	168	Gly
PEPD	Pathogenic	Asp	276	Asn
PEPD	Pathogenic	Arg	184	Gln
PEPD	Pathogenic	Gly	278	Asp
PEPD	Pathogenic	Gly	448	Arg
PEPD	Pathogenic	Glu	412	Lys
PEPD	Pathogenic	Ser	202	Phe
AGA	Pathogenic	Cys	163	Ser
AGA	Pathogenic	Gly	302	Arg
AGA	Pathogenic	Cys	306	Arg
AGA	Pathogenic	Gly	60	Asp
AGA	Pathogenic	Ala	101	Val
AGA	Pathogenic	Ser	72	Pro
CYB5R3	Pathogenic	Ser	128	Pro
CYB5R3	Pathogenic	Arg	58	Gln
CYB5R3	Pathogenic	Leu	149	Pro
CYB5R3	Pathogenic	Cys	204	Arg
CYB5R3	Benign	Thr	117	Ser
CYB5R3	Pathogenic	Cys	204	Tyr
CYB5R3	Pathogenic	Gly	292	Asp
XPC	Benign	Pro	334	His
DNAAF1	Pathogenic	Leu	175	Arg
RBM20	Pathogenic	Pro	638	Leu
RBM20	Pathogenic	Arg	634	Gln
RBM20	Pathogenic	Arg	636	Ser
RBM20	Pathogenic	Arg	636	His
SERPINF2	Pathogenic	Val	411	Met
CANT1	Pathogenic	Arg	300	Cys
CANT1	Pathogenic	Arg	300	His
CANT1	Pathogenic	Pro	299	Leu
VWF	Pathogenic	Arg	1597	Trp
VWF	Pathogenic	Val	1607	Asp
VWF	Pathogenic	Trp	1313	Cys
VWF	Pathogenic	Arg	1306	Trp
VWF	Pathogenic	Arg	1308	Cys
VWF	Pathogenic	Val	1316	Met
VWF	Pathogenic	Arg	1341	Gln
VWF	Pathogenic	Thr	791	Met
VWF	Pathogenic	Arg	816	Trp
VWF	Pathogenic	Arg	854	Gln
VWF	Pathogenic	Gly	1324	Ser
VWF	Pathogenic	Cys	1272	Arg
VWF	Pathogenic	Val	1314	Leu
VWF	Pathogenic	Phe	1514	Cys
VWF	Pathogenic	Gly	550	Arg
VWF	Pathogenic	Cys	2773	Arg
VWF	Pathogenic	Arg	1205	His
VWF	Pathogenic	Cys	1149	Arg
VWF	Pathogenic	Ser	1285	Phe
VWF	Pathogenic	Tyr	795	Cys
VWF	Pathogenic	Cys	804	Phe
VWF	Benign	Pro	1266	Leu
VWF	Pathogenic	Cys	2362	Phe
VWF	Pathogenic	Cys	1060	Arg
VWF	Pathogenic	Asn	528	Ser
TSPAN12	Pathogenic	Ala	237	Pro
NF1	Pathogenic	Lys	1444	Glu
NF1	Pathogenic	Leu	2164	Met
NF1	Pathogenic	Tyr	2192	Asn
NF1	Pathogenic	Arg	1412	Ser
NF1	Pathogenic	Arg	1276	Pro
NF1	Pathogenic	Tyr	489	Cys
NF1	Pathogenic	Leu	508	Pro
NF1	Pathogenic	Leu	357	Pro
NF1	Pathogenic	Leu	1243	Pro
NF1	Pathogenic	Leu	844	Arg
CTSA	Pathogenic	Phe	440	Val
CTSA	Pathogenic	Gln	49	Arg
CTSA	Pathogenic	Trp	65	Arg
CTSA	Pathogenic	Ser	90	Leu
CTSA	Pathogenic	Tyr	395	Cys
CTSA	Pathogenic	Tyr	249	Asn
CTSA	Pathogenic	Leu	236	Pro
CTSA	Pathogenic	Met	406	Thr
CTSA	Pathogenic	Lys	453	Glu
GM2A	Pathogenic	Cys	138	Arg
GM2A	Pathogenic	Arg	169	Pro
INPP5E	Pathogenic	Arg	515	Trp
INPP5E	Pathogenic	Arg	563	His
INPP5E	Pathogenic	Arg	435	Gln
INPP5E	Pathogenic	Arg	378	Cys
SDHAF2	Pathogenic	Gly	78	Arg
UROC1	Pathogenic	Arg	450	Cys
UROC1	Pathogenic	Leu	70	Pro
RNASET2	Pathogenic	Cys	184	Arg
NDUFAF3	Pathogenic	Gly	77	Arg
NDUFAF3	Pathogenic	Arg	122	Pro
NDUFAF3	Pathogenic	Met	1	Thr
TUBB2B	Pathogenic	Ser	172	Pro
TUBB2B	Pathogenic	Leu	228	Pro
TUBB2B	Pathogenic	Phe	265	Leu
SDHAF1	Pathogenic	Gly	57	Arg
SDHAF1	Pathogenic	Arg	55	Pro
DPYD	Pathogenic	Asp	974	Val
BCAM	Benign	Arg	77	His
BCAM	Benign	Thr	539	Ala
CCBE1	Pathogenic	Cys	75	Ser
CCBE1	Pathogenic	Cys	102	Ser
CCBE1	Pathogenic	Gly	327	Arg
CCBE1	Pathogenic	Cys	174	Arg
CPOX	Pathogenic	Arg	426	Gln
CPOX	Pathogenic	Lys	404	Glu
CPOX	Pathogenic	His	295	Asp
CPOX	Pathogenic	Ser	208	Phe
CPOX	Pathogenic	Arg	328	Cys
CPOX	Pathogenic	Gly	279	Arg
ALDOB	Pathogenic	Ala	150	Pro
ALDOB	Pathogenic	Ala	175	Asp
ALDOB	Pathogenic	Asn	335	Lys
PTS	Pathogenic	Arg	25	Gln
PTS	Pathogenic	Arg	16	Cys
PTS	Pathogenic	Asn	52	Ser
PTS	Pathogenic	Pro	87	Ser
PTS	Pathogenic	Val	56	Met
PTS	Pathogenic	Asn	47	Asp
PTS	Pathogenic	Asp	96	Asn
QDPR	Pathogenic	Gly	23	Asp
QDPR	Pathogenic	Trp	108	Gly
QDPR	Pathogenic	Trp	36	Arg
QDPR	Pathogenic	Tyr	150	Cys
RFX6	Pathogenic	Ser	217	Pro
RFX6	Pathogenic	Arg	181	Gln
FBN2	Pathogenic	Cys	1253	Tyr
FBN2	Pathogenic	Glu	391	Lys
FBN2	Pathogenic	Asp	1115	His
FBN2	Pathogenic	Cys	1142	Phe
FBN2	Pathogenic	Cys	1253	Trp
LRTOMT	Pathogenic	Arg	81	Gln
LRTOMT	Pathogenic	Trp	105	Arg
LRTOMT	Pathogenic	Glu	110	Lys
NDUFAF6	Pathogenic	Gln	99	Arg
FECH	Pathogenic	Phe	417	Ser
FECH	Pathogenic	Val	362	Gly
SLC29A3	Pathogenic	Gly	427	Ser
SLC29A3	Pathogenic	Gly	437	Arg
SLC29A3	Pathogenic	Met	116	Arg
SLC29A3	Pathogenic	Thr	449	Arg
NDUFAF5	Pathogenic	Leu	229	Pro
NDUFAF5	Pathogenic	Leu	159	Phe
PAH	Pathogenic	Arg	408	Trp
PAH	Pathogenic	Leu	311	Pro
PAH	Pathogenic	Glu	280	Lys
PAH	Pathogenic	Arg	261	Gln
PAH	Pathogenic	Ser	87	Arg
PAH	Pathogenic	Arg	252	Trp
PAH	Pathogenic	Met	1	Val
PAH	Pathogenic	Arg	158	Gln
PAH	Pathogenic	Pro	281	Leu
PAH	Pathogenic	Tyr	204	Cys
PAH	Pathogenic	Arg	243	Gln
PAH	Pathogenic	Arg	413	Pro
PAH	Pathogenic	Tyr	414	Cys
PAH	Pathogenic	Ser	273	Phe
PAH	Pathogenic	Leu	255	Ser
PAH	Pathogenic	Ala	259	Val
PAH	Pathogenic	Tyr	277	Asp
PAH	Pathogenic	Phe	39	Leu
PAH	Pathogenic	Leu	48	Ser
PAH	Pathogenic	Glu	221	Gly
PAH	Pathogenic	Arg	408	Gln
PAH	Pathogenic	Phe	299	Cys
PAH	Pathogenic	Ser	349	Pro
PAH	Pathogenic	Ala	322	Gly
PAH	Pathogenic	Asp	415	Asn
PAH	Pathogenic	Val	388	Met
PAH	Pathogenic	Pro	244	Leu
PAH	Pathogenic	Leu	333	Phe
PAH	Pathogenic	Glu	390	Gly
PAH	Pathogenic	Leu	98	Ser
PAH	Pathogenic	Thr	380	Met
PAH	Pathogenic	Gly	46	Ser
PAH	Pathogenic	Ala	47	Val
PAH	Pathogenic	Arg	176	Leu
PAH	Pathogenic	Val	245	Ala
PAH	Pathogenic	Pro	407	Leu
PAH	Pathogenic	Glu	76	Gly
CILK1	Pathogenic	Arg	272	Gln
F5	Pathogenic	Arg	334	Thr
F5	Pathogenic	Tyr	1730	Cys
F5	Pathogenic	Arg	2102	Cys
PROC	Pathogenic	Trp	444	Cys
PROC	Pathogenic	Arg	211	Trp
PROC	Pathogenic	Ala	301	Val
PROC	Pathogenic	Pro	210	Leu
PROC	Pathogenic	Ala	309	Thr
PROC	Pathogenic	Gly	343	Ser
PROC	Pathogenic	Glu	62	Ala
PROC	Pathogenic	Val	76	Met
PROC	Pathogenic	Pro	289	Leu
PROC	Pathogenic	Arg	220	Trp
PROC	Pathogenic	Arg	220	Gln
PROC	Pathogenic	Arg	272	Cys
PROC	Pathogenic	Gln	226	His
PROC	Pathogenic	Val	339	Met
PROC	Pathogenic	His	149	Pro
PROC	Pathogenic	Ser	312	Leu
FUCA1	Benign	Gln	286	Arg
FUCA1	Pathogenic	Leu	410	Arg
ADAMTSL2	Pathogenic	Pro	147	Leu
ADAMTSL2	Pathogenic	Arg	113	His
ADAMTSL2	Pathogenic	Gly	811	Arg
GALNS	Pathogenic	Asn	204	Lys
GALNS	Pathogenic	Arg	386	Cys
GALNS	Pathogenic	Arg	94	Gly
GALNS	Pathogenic	Arg	259	Gln
GALNS	Pathogenic	Ala	291	Thr
GALNS	Pathogenic	Gly	301	Cys
GALNS	Pathogenic	Ser	162	Phe
GALNS	Pathogenic	Thr	312	Ser
GALNS	Pathogenic	Asp	60	Asn
ZFP57	Pathogenic	His	458	Asp
ZFP57	Pathogenic	Arg	248	His
ZFP57	Pathogenic	His	277	Asn
RBM28	Pathogenic	Leu	351	Pro
TMEM43	Pathogenic	Ser	358	Leu
IYD	Pathogenic	Arg	101	Trp
IYD	Pathogenic	Ala	220	Thr
CC2D2A	Pathogenic	Arg	1528	Cys
MMADHC	Pathogenic	Leu	259	Pro
MMADHC	Pathogenic	Thr	182	Asn
MMADHC	Pathogenic	Tyr	249	Cys
ISCU	Pathogenic	Gly	50	Glu
RFT1	Pathogenic	Arg	67	Cys
NDUFAF4	Pathogenic	Leu	65	Pro
NKX2-6	Pathogenic	Phe	151	Leu
APC	Benign	Arg	414	Cys
APC	Pathogenic	Ser	1395	Cys
APC	Benign	Glu	1317	Gln
SLC46A1	Pathogenic	Arg	113	Ser
SLC46A1	Pathogenic	Ser	318	Arg
SLC46A1	Pathogenic	Arg	376	Trp
SLC46A1	Pathogenic	Arg	113	Cys
UBIAD1	Pathogenic	Asn	102	Ser
UBIAD1	Pathogenic	Gly	177	Arg
UBIAD1	Pathogenic	Arg	119	Gly
UBIAD1	Pathogenic	Asn	232	Ser
UBIAD1	Pathogenic	Asp	112	Gly
UBIAD1	Pathogenic	Ser	171	Pro
UBIAD1	Pathogenic	Gly	186	Arg
UBIAD1	Pathogenic	Asp	236	Glu
FBP1	Pathogenic	Gly	164	Ser
FBP1	Pathogenic	Ala	177	Asp
FBP1	Pathogenic	Phe	194	Ser
FBP1	Pathogenic	Pro	284	Arg
ARSB	Pathogenic	Cys	117	Arg
ARSB	Pathogenic	Cys	405	Tyr
ARSB	Pathogenic	Arg	95	Gln
ARSB	Pathogenic	Tyr	210	Cys
ARSB	Pathogenic	His	393	Pro
EMG1	Pathogenic	Asp	86	Gly
CISD2	Pathogenic	Glu	37	Gln
GUSB	Pathogenic	Ala	619	Val
GUSB	Pathogenic	Arg	382	Cys
GUSB	Pathogenic	Arg	216	Trp
GUSB	Pathogenic	Pro	148	Ser
GUSB	Pathogenic	Arg	577	Leu
GUSB	Pathogenic	Leu	176	Phe
GUSB	Pathogenic	Lys	350	Asn
GUSB	Pathogenic	Trp	627	Cys
CYP4F22	Pathogenic	His	435	Tyr
CYP4F22	Pathogenic	His	436	Asp
CYP4F22	Pathogenic	Arg	243	His
CA2	Benign	Asn	252	Asp
CA2	Pathogenic	Lys	18	Glu
CA2	Pathogenic	Pro	236	His
CA2	Pathogenic	His	107	Tyr
GLB1	Pathogenic	Arg	201	Cys
GLB1	Pathogenic	Gly	123	Arg
GLB1	Pathogenic	Tyr	316	Cys
GLB1	Pathogenic	Arg	457	Gln
GLB1	Pathogenic	Trp	273	Leu
GLB1	Pathogenic	Arg	482	His
GLB1	Pathogenic	Trp	509	Cys
GLB1	Pathogenic	Thr	82	Met
GLB1	Pathogenic	Tyr	83	His
GLB1	Pathogenic	Arg	482	Cys
GLB1	Pathogenic	Arg	208	Cys
GLB1	Pathogenic	Gly	438	Glu
GLB1	Pathogenic	Thr	500	Ala
GLB1	Pathogenic	Arg	68	Trp
GLB1	Pathogenic	Arg	59	His
GLB1	Pathogenic	Tyr	591	Asn
GLB1	Pathogenic	Tyr	591	Cys
DOCK8	Pathogenic	Lys	473	Arg
OCA2	Pathogenic	Pro	743	Leu
OCA2	Pathogenic	Ala	334	Val
OCA2	Pathogenic	Trp	679	Cys
OCA2	Pathogenic	Asn	489	Asp
OCA2	Benign	Arg	305	Trp
OCA2	Benign	Arg	419	Gln
ARMS2	Benign	Ala	69	Ser
NHEJ1	Pathogenic	Cys	123	Arg
IFT80	Pathogenic	His	105	Gln
XPA	Pathogenic	Cys	108	Phe
KLHL7	Pathogenic	Ser	150	Asn
KLHL7	Pathogenic	Ala	153	Val
KLHL7	Pathogenic	Ala	153	Thr
FAM20C	Pathogenic	Gly	365	Arg
FAM20C	Pathogenic	Leu	388	Arg
FAM20C	Pathogenic	Gly	379	Glu
SETBP1	Pathogenic	Asp	868	Asn
SETBP1	Pathogenic	Asp	868	Ala
SETBP1	Pathogenic	Gly	870	Asp
SETBP1	Pathogenic	Gly	870	Ser
G6PC3	Pathogenic	Arg	253	His
G6PC3	Pathogenic	Leu	185	Pro
G6PC3	Pathogenic	Gly	262	Arg
G6PC3	Pathogenic	Met	116	Val
INF2	Pathogenic	Ser	186	Pro
INF2	Pathogenic	Arg	218	Gln
INF2	Pathogenic	Arg	218	Trp
INF2	Pathogenic	Arg	214	His
INF2	Pathogenic	Leu	42	Pro
FTO	Pathogenic	Arg	316	Gln
YARS2	Pathogenic	Phe	52	Leu
DARS2	Pathogenic	Arg	263	Gln
DARS2	Pathogenic	Cys	152	Phe
DARS2	Pathogenic	Ser	45	Gly
DARS2	Pathogenic	Arg	179	His
RPGRIP1L	Pathogenic	Thr	615	Pro
RPGRIP1L	Pathogenic	Ala	695	Pro
RPGRIP1L	Benign	Ala	229	Thr
RPGRIP1L	Pathogenic	Ser	659	Pro
PSAT1	Pathogenic	Asp	100	Ala
CHMP4B	Pathogenic	Asp	129	Val
CHMP4B	Pathogenic	Glu	161	Lys
FLVCR2	Pathogenic	Thr	430	Arg
FLVCR2	Pathogenic	Leu	398	Val
FLVCR2	Pathogenic	Pro	280	Arg
FLVCR2	Pathogenic	Ala	326	Val
AGL	Pathogenic	Gly	1448	Arg
AGL	Pathogenic	Arg	1147	Gly
SLC35D1	Pathogenic	Thr	65	Pro
ATG16L1	Benign	Thr	300	Ala
DOLK	Pathogenic	Cys	99	Ser
DOLK	Pathogenic	Tyr	441	Ser
STRA6	Pathogenic	Pro	293	Leu
STRA6	Pathogenic	Thr	644	Met
STRA6	Pathogenic	Pro	90	Leu
BBS12	Pathogenic	Ala	289	Pro
PFKM	Pathogenic	Arg	39	Pro
PFKM	Pathogenic	Arg	39	Leu
PFKM	Pathogenic	Trp	686	Cys
WASHC5	Pathogenic	Val	626	Phe
WASHC5	Pathogenic	Leu	619	Phe
WASHC5	Pathogenic	Asn	471	Asp
F12	Pathogenic	Cys	590	Ser
F12	Pathogenic	Arg	372	Pro
F12	Pathogenic	Thr	328	Lys
F12	Pathogenic	Thr	328	Arg
CYP11B1	Pathogenic	Arg	448	His
CYP11B1	Pathogenic	Thr	318	Met
CYP11B1	Pathogenic	Arg	374	Gln
CYP11B1	Pathogenic	Asn	133	His
CYP11B1	Pathogenic	Thr	319	Met
CYP11B1	Pathogenic	Pro	42	Ser
CYP11B1	Pathogenic	Pro	94	Leu
CYP11B1	Pathogenic	Ala	368	Asp
RSPO4	Pathogenic	Gln	65	Arg
RSPO4	Pathogenic	Cys	107	Arg
RSPO4	Pathogenic	Cys	118	Tyr
RSPO4	Pathogenic	Cys	73	Tyr
MAT1A	Pathogenic	Pro	357	Leu
MAT1A	Pathogenic	Leu	305	Pro
MAT1A	Pathogenic	Arg	264	His
MAT1A	Pathogenic	Arg	264	Cys
HYCC1	Pathogenic	Leu	53	Pro
ATP13A2	Pathogenic	Gly	504	Arg
SEC23B	Pathogenic	Glu	109	Lys
SEC23B	Pathogenic	Arg	14	Trp
SEC23A	Pathogenic	Phe	382	Leu
SAMD9	Pathogenic	Lys	1495	Glu
HGSNAT	Pathogenic	Pro	283	Leu
HGSNAT	Pathogenic	Ser	518	Phe
RAX2	Pathogenic	Gly	137	Arg
RNASEH2C	Pathogenic	Arg	69	Trp
RNASEH2B	Pathogenic	Ala	177	Thr
RNASEH2B	Pathogenic	Val	185	Gly
B3GLCT	Pathogenic	Gly	393	Glu
DOK7	Pathogenic	Gly	180	Ala
ORAI1	Pathogenic	Arg	91	Trp
PIGV	Pathogenic	Ala	341	Glu
PIGV	Pathogenic	His	385	Pro
PIGV	Pathogenic	Gln	256	Lys
PIGV	Pathogenic	Ala	341	Val
TRMU	Benign	Ala	10	Ser
TRMU	Pathogenic	Tyr	77	His
TRMU	Pathogenic	Gly	272	Asp
TRMU	Pathogenic	Met	1	Lys
PJVK	Pathogenic	Arg	183	Trp
SLC4A11	Pathogenic	Arg	739	Gln
SLC4A11	Pathogenic	Ser	473	Leu
SLC4A11	Pathogenic	Gly	448	Asp
SLC4A11	Pathogenic	Arg	853	Cys
SLC4A11	Pathogenic	Arg	853	His
SLC4A11	Pathogenic	Arg	472	Lys
SLC4A11	Pathogenic	Met	840	Val
SLC4A11	Pathogenic	Leu	827	Pro
SLC4A11	Pathogenic	Ser	197	Pro
SLC4A11	Pathogenic	Gly	693	Glu
BBS10	Pathogenic	Ser	311	Ala
CEP290	Pathogenic	Trp	7	Cys
VANGL1	Pathogenic	Arg	274	Gln
SIAE	Benign	Met	89	Val
ALDH5A1	Pathogenic	Gly	409	Asp
CLDN19	Pathogenic	Gly	20	Asp
CLDN19	Pathogenic	Gln	57	Glu
CLDN19	Pathogenic	Leu	90	Pro
TMEM67	Pathogenic	Gln	376	Pro
TMEM67	Pathogenic	Tyr	513	Cys
TMEM67	Pathogenic	Gly	545	Glu
TMEM67	Pathogenic	Phe	590	Ser
TMEM67	Pathogenic	Gly	821	Ser
TMEM67	Pathogenic	Cys	615	Arg
TMEM67	Pathogenic	Trp	290	Leu
TMEM67	Pathogenic	Gly	821	Arg
TMEM67	Pathogenic	Met	252	Thr
TMPRSS6	Pathogenic	Gly	433	Arg
TMPRSS6	Pathogenic	Asp	512	Asn
TMPRSS6	Pathogenic	Ala	109	Asp
SPATA16	Benign	Arg	283	Gln
SI	Pathogenic	Leu	341	Pro
SI	Pathogenic	Gln	117	Arg
SI	Pathogenic	Leu	620	Pro
SI	Pathogenic	Cys	1229	Tyr
MMACHC	Pathogenic	Leu	116	Pro
MMACHC	Pathogenic	Arg	161	Gln
SLC34A3	Pathogenic	Ala	413	Glu
SLC34A3	Pathogenic	Gly	196	Arg
SLC34A3	Pathogenic	Arg	468	Trp
COQ2	Pathogenic	Tyr	247	Cys
COQ2	Pathogenic	Arg	147	His
COQ2	Pathogenic	Ser	96	Asn
HMBS	Pathogenic	Arg	26	His
HMBS	Pathogenic	Arg	116	Trp
HMBS	Pathogenic	Arg	167	Gln
HMBS	Pathogenic	Arg	173	Gln
HMBS	Pathogenic	Arg	149	Gln
HMBS	Pathogenic	Leu	245	Arg
HMBS	Pathogenic	Ala	31	Thr
HMBS	Pathogenic	Gln	34	Lys
HMBS	Pathogenic	Arg	167	Trp
HMBS	Pathogenic	Arg	167	Leu
HMBS	Pathogenic	Gly	111	Arg
HMBS	Pathogenic	Leu	177	Arg
HMBS	Pathogenic	Cys	247	Arg
HMBS	Pathogenic	Glu	250	Lys
HMBS	Pathogenic	Ala	252	Val
HMBS	Pathogenic	His	256	Asn
HMBS	Pathogenic	Gly	216	Asp
HMBS	Pathogenic	Leu	81	Pro
NEK8	Pathogenic	His	425	Tyr
ACOX1	Pathogenic	Met	278	Val
ACOX1	Pathogenic	Gly	178	Cys
ACOX1	Pathogenic	Gln	309	Arg
PKLR	Pathogenic	Thr	384	Met
PKLR	Pathogenic	Gln	421	Lys
PKLR	Pathogenic	Arg	479	His
PKLR	Pathogenic	Arg	510	Gln
PKLR	Pathogenic	Arg	486	Trp
PKLR	Pathogenic	Ser	130	Tyr
LPL	Pathogenic	Ala	203	Thr
LPL	Pathogenic	Gly	215	Glu
LPL	Pathogenic	Ser	271	Thr
LPL	Pathogenic	Pro	234	Leu
LPL	Pathogenic	Asp	231	Glu
LPL	Pathogenic	Arg	270	His
LPL	Pathogenic	Gly	169	Glu
LPL	Pathogenic	Asp	183	Gly
LPL	Pathogenic	Asp	277	Asn
LPL	Pathogenic	Trp	113	Arg
LPL	Pathogenic	Ala	361	Thr
LPL	Pathogenic	Ser	199	Cys
LPL	Pathogenic	Arg	102	Ser
LPL	Pathogenic	Gly	222	Glu
LPL	Pathogenic	Asp	207	Glu
LPL	Pathogenic	Arg	270	Cys
LPL	Pathogenic	Leu	392	Val
LPL	Pathogenic	Cys	445	Tyr
LPL	Pathogenic	Cys	266	Trp
NAGLU	Pathogenic	Arg	674	His
NAGLU	Pathogenic	Arg	643	Cys
NAGLU	Pathogenic	Pro	521	Leu
NAGLU	Pathogenic	Arg	565	Trp
NAGLU	Pathogenic	Arg	565	Pro
NAGLU	Pathogenic	Phe	48	Leu
NAGLU	Pathogenic	Phe	314	Leu
NAGLU	Pathogenic	Arg	482	Trp
NAGLU	Pathogenic	Arg	234	Cys
HPD	Pathogenic	Tyr	160	Cys
WDR36	Benign	Asp	602	Gly
WDR36	Benign	Ala	393	Thr
NLRP7	Pathogenic	Arg	693	Trp
NLRP7	Pathogenic	Arg	693	Pro
NLRP7	Pathogenic	Asn	913	Ser
NLRP7	Pathogenic	Arg	693	Gln
NLRP7	Pathogenic	Leu	398	Arg
NLRP7	Pathogenic	Pro	651	Ser
NECTIN4	Pathogenic	Arg	284	Gln
NECTIN4	Pathogenic	Thr	185	Met
L2HGDH	Pathogenic	Pro	302	Leu
L2HGDH	Pathogenic	Gly	55	Asp
L2HGDH	Pathogenic	His	98	Arg
CUL7	Pathogenic	His	1464	Pro
ACADL	Benign	Lys	333	Gln
ACADVL	Pathogenic	Arg	613	Trp
ACADVL	Pathogenic	Lys	382	Gln
ACADVL	Benign	Pro	65	Leu
ACADVL	Pathogenic	Phe	458	Leu
ACADVL	Pathogenic	Ala	416	Thr
ACADVL	Pathogenic	Arg	450	His
ALDH3A2	Pathogenic	Cys	214	Tyr
ALDH3A2	Pathogenic	Pro	315	Ser
ALDH3A2	Pathogenic	Lys	266	Asn
ALDH3A2	Pathogenic	Asn	386	Ser
THAP1	Pathogenic	Gly	9	Cys
CHMP2B	Pathogenic	Gln	206	His
CYP27B1	Pathogenic	Arg	107	His
CYP27B1	Pathogenic	Gly	125	Glu
CYP27B1	Pathogenic	Arg	335	Pro
CYP27B1	Pathogenic	Thr	321	Arg
CYP27B1	Pathogenic	Arg	389	His
CYP27B1	Pathogenic	Arg	389	Gly
CYP27B1	Pathogenic	Leu	343	Phe
MANBA	Pathogenic	Ser	505	Pro
MAN2B1	Pathogenic	His	72	Leu
MAN2B1	Pathogenic	Arg	750	Trp
NDUFA13	Pathogenic	Lys	5	Asn
LHFPL5	Pathogenic	Tyr	127	Cys
PIKFYVE	Pathogenic	Lys	1103	Arg
ERCC6	Pathogenic	Met	752	Val
ERCC8	Pathogenic	Ala	160	Val
ERCC8	Pathogenic	Ala	205	Pro
STOX1	Benign	Glu	608	Asp
NIPAL4	Pathogenic	Ala	114	Asp
ESCO2	Pathogenic	Trp	539	Gly
CBLIF	Benign	Gln	23	Arg
CBLIF	Pathogenic	Ser	46	Leu
MSH2	Pathogenic	Pro	622	Leu
MSH2	Pathogenic	His	639	Tyr
MSH2	Pathogenic	Arg	524	Pro
MSH2	Benign	Gly	322	Asp
MSH2	Pathogenic	Ala	636	Pro
SLC25A22	Pathogenic	Pro	206	Leu
SLC25A22	Pathogenic	Gly	236	Trp
CYP17A1	Pathogenic	Ser	106	Pro
CYP17A1	Pathogenic	Pro	342	Thr
CYP17A1	Pathogenic	Arg	96	Trp
CYP17A1	Pathogenic	Arg	347	His
CYP17A1	Pathogenic	Arg	358	Gln
CYP17A1	Pathogenic	Phe	93	Cys
CYP17A1	Pathogenic	Phe	114	Val
CYP17A1	Pathogenic	Asp	116	Val
CYP17A1	Pathogenic	Arg	347	Cys
CYP17A1	Pathogenic	Arg	362	Cys
CYP17A1	Pathogenic	Trp	406	Arg
CYP17A1	Pathogenic	Tyr	329	Asp
CYP17A1	Pathogenic	Pro	428	Leu
CYP17A1	Pathogenic	Arg	96	Gln
CYP17A1	Pathogenic	Arg	125	Gln
CYP17A1	Pathogenic	Arg	416	His
CYP17A1	Pathogenic	Phe	453	Ser
SPRED1	Pathogenic	Val	44	Asp
CPAP	Pathogenic	Glu	1235	Val
RAB3GAP2	Pathogenic	Gly	1052	Cys
LIPI	Benign	Cys	55	Tyr
LPAR6	Pathogenic	Gly	146	Arg
LPAR6	Pathogenic	Glu	189	Lys
MPLKIP	Pathogenic	Met	144	Val
D2HGDH	Pathogenic	Val	444	Ala
D2HGDH	Pathogenic	Asn	439	Asp
REEP1	Pathogenic	Ala	20	Glu
POU6F2	Pathogenic	Gln	220	His
PNPLA2	Pathogenic	Pro	195	Leu
MMUT	Pathogenic	Trp	105	Arg
MMUT	Pathogenic	Ala	377	Glu
MMUT	Pathogenic	Arg	93	His
MMUT	Pathogenic	Gly	717	Val
MMUT	Pathogenic	Gly	623	Arg
MMUT	Pathogenic	Gly	703	Arg
MMUT	Pathogenic	Asn	219	Tyr
MMUT	Pathogenic	Arg	108	Cys
MMUT	Pathogenic	Gly	215	Ser
MMUT	Pathogenic	Arg	603	Lys
PNKD	Pathogenic	Ala	9	Val
PNKD	Pathogenic	Ala	7	Val
BTD	Pathogenic	Thr	512	Met
BTD	Pathogenic	Arg	518	Cys
BTD	Pathogenic	Gly	14	Ser
BTD	Pathogenic	Asp	232	Gly
BTD	Pathogenic	Gln	436	His
BTD	Pathogenic	Arg	59	Cys
HLCS	Pathogenic	Leu	384	Pro
HLCS	Pathogenic	Asp	718	Asn
HLCS	Pathogenic	Arg	655	Trp
HLCS	Pathogenic	Gly	728	Ser
HLCS	Pathogenic	Val	697	Met
HLCS	Pathogenic	Leu	363	Arg
ERMAP	Benign	Gly	57	Arg
MCCC2	Pathogenic	Glu	99	Gln
MCCC2	Pathogenic	Arg	155	Gln
MCCC2	Pathogenic	Pro	310	Arg
MCCC2	Pathogenic	Cys	167	Arg
MCCC2	Pathogenic	Arg	268	Thr
MCCC2	Pathogenic	His	190	Arg
MCCC2	Pathogenic	Asp	280	Tyr
MCCC1	Pathogenic	Met	325	Arg
MCCC1	Pathogenic	Arg	385	Ser
MCCC1	Pathogenic	Asp	532	His
MCCC1	Pathogenic	Leu	437	Pro
MCCC1	Pathogenic	Ser	535	Phe
LRRK2	Pathogenic	Arg	1441	Gly
LRRK2	Pathogenic	Tyr	1699	Cys
LRRK2	Pathogenic	Arg	1441	Cys
LRRK2	Pathogenic	Arg	1441	His
ADAMTS10	Pathogenic	Gly	518	Asp
ADAMTS10	Pathogenic	Gly	700	Cys
ADA	Benign	Lys	80	Arg
ADA	Pathogenic	Arg	101	Trp
ADA	Pathogenic	Arg	101	Gln
ADA	Pathogenic	Arg	211	His
ADA	Pathogenic	Leu	304	Arg
ADA	Pathogenic	Ala	329	Val
ADA	Pathogenic	Leu	107	Pro
ADA;PKIG	Pathogenic	Arg	211	Cys
ADA	Pathogenic	Gly	216	Arg
ADA	Pathogenic	Arg	156	Cys
ADA	Pathogenic	Ser	291	Leu
ADA	Benign	Asp	8	Asn
ADA	Pathogenic	Gly	74	Val
ADA	Pathogenic	Arg	156	His
ARL13B	Pathogenic	Arg	79	Gln
ARL13B	Pathogenic	Arg	200	Cys
UNC13D	Pathogenic	Leu	403	Pro
UNC13D	Pathogenic	Phe	857	Cys
SGCG	Pathogenic	Cys	283	Tyr
SGCG	Pathogenic	Glu	263	Lys
AHI1	Pathogenic	Val	443	Asp
SLC6A19	Pathogenic	Asp	173	Asn
CHD7	Pathogenic	Leu	1257	Arg
CHD7	Pathogenic	Arg	2319	Ser
CHD7	Pathogenic	Gly	2108	Arg
CHD7	Pathogenic	Ser	834	Phe
CHD7	Benign	His	55	Arg
PPARGC1B	Benign	Ala	203	Pro
ARL6	Pathogenic	Gly	169	Ala
ARL6	Pathogenic	Thr	31	Met
ARL6	Pathogenic	Leu	170	Trp
ARL6	Pathogenic	Thr	31	Arg
ARL6	Pathogenic	Ala	89	Val
RDH12	Pathogenic	Tyr	226	Cys
RDH12	Pathogenic	Thr	49	Met
RDH12	Pathogenic	His	151	Asn
RDH12	Pathogenic	Pro	230	Ala
RDH12	Pathogenic	His	151	Asp
RDH12	Pathogenic	Ser	175	Pro
RDH12	Pathogenic	Ala	126	Val
EFHC1	Benign	Arg	182	His
EFHC1	Benign	Pro	77	Thr
GJC2	Pathogenic	Met	286	Thr
GJC2	Pathogenic	Pro	90	Ser
GJC2	Pathogenic	Tyr	272	Asp
GJC2	Pathogenic	Ser	48	Leu
GJC2	Pathogenic	Arg	260	Cys
GCDH	Pathogenic	Tyr	295	His
GCDH	Pathogenic	Ala	421	Val
GCDH	Pathogenic	Ala	293	Thr
GCDH	Pathogenic	Arg	402	Trp
GCDH	Pathogenic	Glu	365	Lys
GCDH	Pathogenic	Val	400	Met
GCDH	Pathogenic	Arg	227	Pro
PC	Pathogenic	Ala	610	Thr
PC	Pathogenic	Val	145	Ala
PC	Pathogenic	Arg	451	Cys
PC	Pathogenic	Arg	583	Leu
GTF2H5	Pathogenic	Leu	21	Pro
ANKK1	Benign	Glu	713	Lys
TSEN54	Pathogenic	Ala	307	Ser
TSEN34	Pathogenic	Arg	58	Trp
C1QTNF5	Pathogenic	Ser	163	Arg
ALG3	Pathogenic	Gly	118	Asp
ALG3	Pathogenic	Arg	171	Gln
ALG3	Pathogenic	Met	157	Lys
CYP2R1	Pathogenic	Leu	99	Pro
NIPBL	Pathogenic	Met	1	Lys
NIPBL	Pathogenic	Tyr	2430	Cys
NIPBL	Pathogenic	Ala	1246	Gly
PEX26	Pathogenic	Arg	98	Trp
PEX26	Pathogenic	Gly	89	Arg
PEX26	Pathogenic	Met	1	Thr
ANO5	Pathogenic	Cys	356	Arg
ANO5	Pathogenic	Cys	356	Gly
ANO5	Pathogenic	Ala	432	Gly
ANO5	Pathogenic	Gly	231	Val
ANO5	Pathogenic	Arg	758	Cys
ROBO3	Pathogenic	Gly	361	Glu
ROBO3	Pathogenic	Arg	703	Pro
ROBO3	Pathogenic	Ser	705	Pro
ROBO3	Pathogenic	Glu	319	Lys
ROBO3	Pathogenic	Leu	5	Pro
ROBO3	Pathogenic	Arg	245	Trp
CYP4V2	Pathogenic	Gly	61	Ser
RP1L1	Pathogenic	Arg	45	Trp
MYH14	Pathogenic	Arg	767	Ser
VPS33B	Pathogenic	Leu	30	Pro
VKORC1	Pathogenic	Arg	98	Trp
VKORC1	Pathogenic	Val	29	Leu
VKORC1	Pathogenic	Val	45	Ala
VKORC1	Pathogenic	Arg	58	Gly
VHL	Pathogenic	Arg	167	Gln
VHL	Pathogenic	Arg	167	Trp
VHL	Pathogenic	Arg	167	Gly
VHL	Pathogenic	Trp	88	Ser
VHL	Pathogenic	Leu	135	Phe
VHL	Pathogenic	Tyr	112	His
VHL	Pathogenic	Tyr	98	His
VHL	Pathogenic	Val	166	Phe
VHL	Pathogenic	Arg	64	Pro
VHL	Pathogenic	Tyr	112	Asn
VHL	Pathogenic	Val	130	Leu
VHL	Pathogenic	Asp	126	Tyr
VHL	Pathogenic	Leu	163	Pro
VHL	Benign	Pro	81	Ser
VHL	Pathogenic	His	191	Asp
VHL	Pathogenic	Val	84	Leu
VHL	Pathogenic	Gly	93	Ser
VHL	Pathogenic	Gln	164	Arg
NCF2	Pathogenic	Ala	128	Val
NCF2	Benign	Arg	395	Trp
NCF1	Pathogenic	Arg	42	Gln
NCF1	Pathogenic	Gly	192	Ser
CYBA	Pathogenic	Arg	90	Gln
CYBA	Pathogenic	Ser	118	Arg
CYBA	Pathogenic	Pro	156	Gln
CYBA	Benign	Tyr	72	His
CYBA	Pathogenic	Gly	24	Arg
CYBA	Pathogenic	Ala	125	Thr
MFN2	Pathogenic	Arg	94	Gln
MFN2	Pathogenic	Trp	740	Ser
MFN2	Pathogenic	Leu	76	Pro
MFN2	Pathogenic	Arg	280	His
MFN2	Pathogenic	Pro	251	Ala
MFN2	Pathogenic	Val	69	Phe
MFN2	Pathogenic	Lys	357	Asn
MFN2	Pathogenic	His	165	Asp
MFN2	Pathogenic	Arg	94	Trp
MFN2	Pathogenic	Arg	364	Trp
MFN2	Pathogenic	Arg	707	Trp
MFN2	Pathogenic	Arg	104	Trp
PRICKLE1	Pathogenic	Arg	104	Gln
SETX	Pathogenic	Arg	332	Trp
SETX	Pathogenic	Leu	389	Ser
SETX	Pathogenic	Arg	2136	His
SETX	Pathogenic	Leu	1976	Arg
SETX	Benign	Asn	603	Asp
PYGM	Pathogenic	Gly	205	Ser
PYGM	Pathogenic	Lys	543	Thr
PYGM	Pathogenic	Glu	655	Lys
PYGM	Pathogenic	Leu	396	Pro
PYGM	Pathogenic	Gly	686	Arg
PYGM	Pathogenic	Met	1	Val
PYGM	Pathogenic	Trp	798	Arg
ETHE1	Pathogenic	Arg	163	Trp
SYNE2	Benign	Thr	6211	Met
CHST14	Pathogenic	Arg	213	Pro
CHST14	Pathogenic	Tyr	293	Cys
CHST14	Pathogenic	Pro	281	Leu
CHST14	Pathogenic	Cys	289	Ser
PLCE1	Pathogenic	Ser	1484	Leu
USH2A	Pathogenic	Cys	319	Tyr
USH2A	Pathogenic	Cys	759	Phe
USH2A	Pathogenic	Cys	419	Phe
USH2A	Pathogenic	Arg	4674	Gly
HJV	Pathogenic	Gly	320	Val
HJV	Pathogenic	Cys	80	Arg
HJV	Pathogenic	Leu	101	Pro
BCKDHA	Pathogenic	Tyr	438	Asn
BCKDHA	Pathogenic	Gly	290	Arg
BCKDHA	Pathogenic	Phe	409	Cys
BCKDHA	Pathogenic	Gly	249	Ser
BCKDHA	Pathogenic	Thr	310	Arg
ARG1	Pathogenic	Thr	290	Ser
ARG1	Pathogenic	Gly	235	Arg
ASL	Pathogenic	Arg	95	Cys
ASL	Pathogenic	Gln	286	Arg
ASL	Pathogenic	Arg	385	Cys
ASL	Pathogenic	Val	178	Met
ASL	Pathogenic	Arg	379	Cys
PINK1	Pathogenic	Gly	309	Asp
PINK1	Pathogenic	His	271	Gln
PINK1	Pathogenic	Leu	347	Pro
PINK1	Pathogenic	Thr	313	Met
PINK1	Pathogenic	Ala	217	Asp
PINK1	Pathogenic	Pro	399	Leu
CPS1	Pathogenic	Lys	280	Asn
CPS1	Pathogenic	Thr	544	Met
CPS1	Pathogenic	His	337	Arg
CPS1	Pathogenic	Gly	982	Asp
NAGS	Pathogenic	Ala	279	Thr
NAGS	Pathogenic	Leu	430	Pro
NAGS	Pathogenic	Trp	484	Arg
NAGS	Pathogenic	Glu	433	Asp
KIF21A	Pathogenic	Arg	954	Trp
KIF21A	Pathogenic	Arg	954	Gln
KIF21A	Pathogenic	Met	356	Thr
KIF21A	Pathogenic	Met	947	Val
KIF21A	Pathogenic	Met	947	Arg
NEU1	Pathogenic	Leu	91	Arg
NEU1	Pathogenic	Phe	260	Tyr
NEU1	Pathogenic	Leu	363	Pro
NEU1	Pathogenic	Val	217	Met
NEU1	Pathogenic	Gly	243	Arg
NEU1	Pathogenic	Pro	80	Leu
NEU1	Pathogenic	Trp	240	Arg
NEU1	Pathogenic	Pro	316	Ser
NEU1	Pathogenic	Arg	225	Pro
NEU1	Pathogenic	Ala	298	Val
KRT74	Pathogenic	Asn	148	Lys
ADSL	Pathogenic	Ser	438	Pro
ADSL	Pathogenic	Arg	426	His
ADSL	Pathogenic	Pro	100	Ala
ADSL	Pathogenic	Asp	422	Tyr
ADSL	Pathogenic	Arg	190	Gln
ADSL	Pathogenic	Lys	246	Glu
ADSL	Pathogenic	Met	225	Thr
EXT2	Pathogenic	Asp	227	Asn
EXT1	Pathogenic	Arg	340	Leu
EXT1	Pathogenic	Gly	339	Asp
EXT1	Pathogenic	Arg	340	Cys
SOX9	Pathogenic	Lys	173	Glu
SOX9	Pathogenic	His	165	Tyr
SOX9	Pathogenic	Ala	76	Glu
SOX9	Pathogenic	Phe	154	Leu
SOX9	Pathogenic	Ala	158	Thr
NIPA1	Pathogenic	Thr	45	Arg
NIPA1	Pathogenic	Gly	106	Arg
XYLT2	Benign	Thr	801	Arg
XYLT1	Benign	Ala	115	Ser
PUS1	Pathogenic	Arg	144	Trp
MEFV	Pathogenic	Met	694	Val
MEFV	Pathogenic	Val	726	Ala
MEFV	Pathogenic	Arg	761	His
MEFV	Pathogenic	Arg	653	His
ALG8	Pathogenic	Thr	47	Pro
ALG8	Pathogenic	Gly	275	Asp
CLN5	Pathogenic	Arg	63	His
CLN5	Pathogenic	Cys	77	Tyr
APOC4-APOC2;APOC2	Benign	Lys	77	Gln
APOC2	Pathogenic	Met	1	Val
APOC2	Benign	Glu	60	Lys
APOC2	Pathogenic	Trp	48	Arg
NHLRC1	Pathogenic	Cys	26	Ser
NHLRC1	Pathogenic	Pro	69	Ala
NHLRC1	Pathogenic	Asp	308	Ala
ETFA	Pathogenic	Val	157	Gly
ETFA	Pathogenic	Thr	266	Met
ETFA	Pathogenic	Gly	116	Arg
ANTXR2	Pathogenic	Tyr	381	Cys
ANTXR2	Pathogenic	Gly	105	Asp
ANTXR2	Pathogenic	Leu	329	Arg
ASPA	Pathogenic	Glu	285	Ala
ASPA	Pathogenic	Cys	152	Arg
ASPA	Pathogenic	Ala	305	Glu
ASPA	Pathogenic	Tyr	231	Cys
ASPA	Pathogenic	Glu	24	Gly
ASPA	Pathogenic	Asp	249	Val
ASPA	Pathogenic	Arg	71	His
HSPB8	Pathogenic	Lys	141	Asn
HSPB8	Pathogenic	Lys	141	Glu
SIL1	Pathogenic	Leu	457	Pro
NPHP3	Pathogenic	Ser	360	Thr
TPP1	Pathogenic	Cys	365	Arg
TPP1	Pathogenic	Cys	365	Tyr
TPP1	Pathogenic	Arg	447	His
TPP1	Pathogenic	Arg	206	Cys
TPP1	Pathogenic	Gly	284	Val
TPP1	Pathogenic	Asn	286	Ser
BBS9	Pathogenic	Gly	141	Arg
SUMF1	Pathogenic	Arg	349	Trp
SUMF1	Pathogenic	Arg	349	Gln
SUMF1	Pathogenic	Cys	336	Arg
SUMF1	Pathogenic	Ala	279	Val
SUMF1	Pathogenic	Ser	155	Pro
SUMF1	Pathogenic	Met	1	Arg
SUMF1	Pathogenic	Arg	345	Cys
SUMF1	Pathogenic	Ala	348	Pro
SUMF1	Pathogenic	Cys	218	Tyr
SUMF1	Pathogenic	Met	1	Val
CCM2	Pathogenic	Met	1	Val
CCM2	Pathogenic	Leu	198	Arg
ALG2	Pathogenic	Lys	131	Asn
CACNA1H	Benign	Gly	773	Asp
DSG4	Pathogenic	Ser	192	Pro
DSG4	Pathogenic	Pro	267	Arg
BEST1	Pathogenic	Trp	93	Cys
BEST1	Pathogenic	Tyr	85	His
BEST1	Pathogenic	Gly	299	Glu
BEST1	Pathogenic	Tyr	227	Asn
BEST1	Pathogenic	Thr	6	Pro
BEST1	Pathogenic	Val	9	Met
BEST1	Pathogenic	Ala	243	Val
BEST1	Pathogenic	Arg	47	His
BEST1	Pathogenic	Arg	141	His
BEST1	Pathogenic	Val	317	Met
BEST1	Pathogenic	Leu	41	Pro
BEST1	Pathogenic	Val	86	Met
BEST1	Pathogenic	Val	239	Met
BEST1	Pathogenic	Tyr	227	Cys
BEST1	Pathogenic	Val	235	Ala
GNPTAB	Pathogenic	Asp	407	Ala
GNPTAB	Pathogenic	Lys	4	Gln
GNPTAB	Pathogenic	Phe	374	Leu
GBE1	Pathogenic	Tyr	329	Ser
GBE1	Pathogenic	Leu	224	Pro
GBE1	Pathogenic	Arg	515	Cys
GBE1	Pathogenic	Arg	524	Gln
GBE1	Pathogenic	His	545	Arg
GBE1	Pathogenic	His	628	Arg
GBE1	Pathogenic	Gln	236	His
GNPTG	Pathogenic	Gly	106	Ser
CLN8	Pathogenic	Arg	24	Gly
CLN8	Pathogenic	Trp	263	Cys
CLN8	Pathogenic	Arg	204	Cys
CLN8	Pathogenic	Ala	30	Pro
VPS13B	Pathogenic	Leu	2168	Arg
VPS13B	Pathogenic	Gly	2620	Asp
ACAT1	Pathogenic	Ala	380	Thr
ACAT1	Pathogenic	Gly	183	Arg
ACAT1	Pathogenic	Met	1	Lys
ACAT1	Pathogenic	Gly	379	Val
ACAT1	Pathogenic	Asn	93	Ser
ACAT1	Pathogenic	Ala	333	Pro
CNNM4	Pathogenic	Arg	236	Gln
CNNM4	Pathogenic	Leu	324	Pro
CNNM4	Pathogenic	Ser	200	Tyr
ABCA12	Pathogenic	Gly	1381	Glu
ABCA12	Pathogenic	Asn	1380	Ser
ABCA12	Pathogenic	Gly	1651	Ser
ABCA12	Pathogenic	Arg	1514	His
ABCA12	Benign	Asp	2365	Asn
ABCA12	Pathogenic	Gly	1179	Arg
MCFD2	Pathogenic	Asp	129	Glu
MCFD2	Pathogenic	Asp	81	Tyr
PCSK9	Pathogenic	Ser	127	Arg
PCSK9	Pathogenic	Phe	216	Leu
PCSK9	Pathogenic	Asp	374	Tyr
PCSK9	Benign	Arg	46	Leu
HSD3B7	Pathogenic	Glu	147	Lys
KIRREL3	Benign	Arg	336	Gln
ITGA2B	Pathogenic	Gly	273	Asp
ITGA2B	Pathogenic	Arg	358	His
ITGA2B	Pathogenic	Glu	355	Lys
ITGA2B	Pathogenic	Leu	214	Pro
ITGA2B	Pathogenic	Gln	626	His
TJP2	Pathogenic	Val	48	Ala
USH1G	Pathogenic	Leu	48	Pro
SAR1B	Pathogenic	Gly	37	Arg
SAR1B	Pathogenic	Asp	137	Asn
SAR1B	Pathogenic	Ser	179	Arg
SAR1B	Pathogenic	Gly	185	Val
CLCF1	Pathogenic	Arg	197	Leu
CTH	Pathogenic	Gln	240	Glu
RAI1	Benign	Ser	1808	Asn
RAI1	Pathogenic	Gln	1562	Arg
XDH	Pathogenic	Arg	149	Cys
NPC1	Pathogenic	Gln	928	Pro
NPC1	Pathogenic	Asn	1156	Ser
NPC1	Pathogenic	Val	889	Met
NPC1	Pathogenic	Tyr	1088	Cys
NPC1	Pathogenic	Leu	1213	Phe
NPC1	Pathogenic	Pro	1007	Ala
NPC1	Pathogenic	Gly	992	Arg
NPC1	Pathogenic	Val	378	Ala
NPC1	Pathogenic	Val	950	Met
NPC1	Pathogenic	Ala	1035	Val
NPC1	Pathogenic	Cys	177	Tyr
NPC1	Pathogenic	Arg	978	Cys
NPC1	Pathogenic	Cys	113	Arg
APBB1;SMPD1	Pathogenic	Arg	498	Leu
SMPD1	Pathogenic	Gly	579	Ser
SMPD1	Pathogenic	Ser	438	Arg
SMPD1	Pathogenic	Asn	385	Ser
ATM	Benign	Met	1040	Val
ATM	Benign	Ser	49	Cys
IL23R	Benign	Arg	381	Gln
FKTN	Benign	Gly	125	Ser
SRD5A2	Benign	Ala	49	Thr
SEMA4A	Benign	Arg	713	Gln
ALOXE3	Benign	Leu	237	Met
CRELD1	Benign	Arg	329	Cys
ABCC11	Benign	Gly	180	Arg
GALT	Benign	Leu	62	Met
ACADS	Benign	Arg	171	Trp
ACADS	Benign	Gly	209	Ser
HEXB	Benign	Lys	121	Arg
HEXB	Benign	Ser	62	Leu
NLRP1	Benign	Leu	155	His
MYLK2	Benign	Ala	95	Glu
HAMP	Benign	Gly	71	Asp
HTRA2;LOXL3	Benign	Gly	399	Ser
HTRA2	Benign	Ala	141	Ser
APOA5	Benign	Ser	19	Trp
TIRAP	Benign	Ser	180	Leu
SLC45A2	Benign	Glu	272	Lys
SPTLC1	Benign	Gly	387	Ala
SLC6A20	Benign	Thr	199	Met
CDH23	Benign	Thr	1209	Ala
RPGRIP1	Benign	Ala	547	Ser
RPGRIP1	Benign	Asp	1114	Gly
TRPV4	Benign	Pro	19	Ser
ELAC2	Benign	Ser	217	Leu
ELAC2	Benign	Ala	541	Thr
ELAC2	Benign	Glu	622	Val
GHRL	Benign	Gln	90	Leu
TSC1	Benign	Lys	587	Arg
ATP6V0A4	Benign	Met	580	Thr
TOR1A	Benign	Asp	216	His
CNGB3	Benign	Tyr	469	Asp
VSX1	Benign	Leu	159	Met
VSX1	Benign	Leu	17	Pro
SPINK5	Benign	Lys	420	Glu
NHERF1	Benign	Leu	110	Val
NHERF1	Benign	Glu	225	Lys
EVC	Benign	Arg	443	Gln
ABHD5	Benign	Glu	7	Lys
HSPB3	Benign	Arg	7	Ser
SP110	Benign	Leu	425	Ser
MLH3	Benign	Glu	624	Gln
AREL1;MLH3	Benign	Val	741	Phe
CHEK2	Benign	Pro	85	Leu
CST3	Benign	Ala	25	Thr
RAD54B	Benign	Asn	593	Ser
AGXT	Benign	Pro	11	Leu
SLC22A4	Benign	Leu	503	Phe
ADAMTS13	Benign	Gln	448	Glu
EDAR	Benign	Val	370	Ala
POLH	Benign	Lys	535	Glu
RP1	Benign	Asn	985	Tyr
KCNE2	Benign	Gln	9	Glu
SNCAIP	Benign	Arg	621	Cys
ZFPM2	Benign	Ser	657	Gly
ZFPM2	Benign	Glu	30	Gly
SCN9A	Benign	Lys	666	Arg
SCN9A	Benign	Gln	10	Arg
TSHR	Benign	Asp	36	His
KLF11	Benign	Thr	220	Met
ABCC6	Benign	Arg	1268	Gln
CPN1	Benign	Gly	178	Asp
TLR4	Benign	Asp	299	Gly
FAAH	Benign	Pro	129	Thr
BUB1B	Benign	Thr	40	Met
BUB1B	Benign	Arg	550	Gln
KRT85	Benign	Arg	78	His
ACVR2B	Benign	Arg	40	His
SDHD	Benign	His	50	Arg
MAD1L1	Benign	Arg	59	Cys
TGIF1	Benign	Thr	151	Ala
TGIF1	Benign	Gln	107	Leu
PRKN	Benign	Ala	82	Glu
PARK7	Benign	Asp	149	Ala
PON2	Benign	Ser	311	Cys
PON2	Benign	Ala	148	Gly
OPTN	Benign	Met	98	Lys
CFTR	Benign	Val	470	Met
IFNAR2	Benign	Phe	8	Ser
AGRP	Benign	Ala	67	Thr
HR	Benign	Thr	1022	Ala
STK11	Benign	Phe	354	Leu
MATN3	Benign	Thr	303	Met
TBX1	Benign	Gly	319	Ser
PHYH	Benign	Pro	29	Ser
LIG4	Benign	Ala	3	Val
CYP1B1	Benign	Tyr	81	Asn
CASP8	Benign	Asp	285	His
ABCA4	Benign	Val	2050	Leu
ABCA4	Benign	Asp	2177	Asn
ABCA4	Benign	Leu	1201	Arg
PLA2G7	Benign	Val	279	Phe
PLA2G7	Benign	Val	379	Ala
MYOC	Benign	Gln	48	His
BARD1	Benign	Cys	557	Ser
PPARG	Benign	Pro	10	Ala
MYO1A	Benign	Val	306	Met
MYO1A	Benign	Gly	662	Glu
OXCT1	Benign	Thr	58	Met
CCR5	Benign	Arg	223	Gln
CCR5	Benign	Ala	335	Val
PTCH1	Benign	Ala	393	Thr
PTCH1	Benign	Thr	728	Met
PTCH1	Benign	Ser	827	Gly
CAV3	Benign	Gly	56	Ser
CASR	Benign	Ala	986	Ser
GDF6	Benign	Gly	42	Val
GDF6	Benign	Pro	327	His
LEPR	Benign	Gln	223	Arg
LEPR	Benign	Lys	109	Arg
LEPR	Benign	Lys	656	Asn
EPHB2	Benign	Ala	279	Ser
EPHB2	Benign	Asp	678	Asn
KCNJ11	Benign	Val	59	Gly
ABCC8;KCNJ11	Benign	Lys	23	Glu
KCNJ11	Benign	Gly	53	Asp
GCKR	Benign	Leu	446	Pro
GDNF	Benign	Arg	93	Trp
GDNF	Benign	Asp	150	Asn
BMPR2	Benign	Gly	182	Asp
SCNN1G	Benign	Gly	183	Ser
SCNN1G	Benign	Glu	197	Lys
SCNN1B	Benign	Gly	37	Ser
PSEN2	Benign	Ser	130	Leu
KCNJ5	Benign	Gly	387	Arg
SHH	Benign	Gly	290	Asp
MSH6	Benign	Val	878	Ala
XRCC3	Benign	Thr	241	Met
MEF2A	Benign	Asn	261	Ser
NKX2-5	Benign	Ala	119	Ser
NDUFV2	Benign	Val	29	Ala
KCNJ1	Benign	Met	338	Thr
NOTCH3	Benign	Ala	1020	Pro
SCNN1A	Benign	Trp	493	Arg
BRCA2	Benign	Asn	372	His
GUCY2D	Benign	Ala	52	Ser
SCN5A	Benign	Arg	1192	Gln
ITGB2	Benign	Arg	586	Trp
ABCA1	Benign	Asp	1289	Asn
ABCA1	Benign	Arg	219	Lys
CHIT1	Benign	Gly	102	Ser
ZNF41	Benign	Pro	111	Leu
F8	Benign	Gly	41	Cys
F8	Benign	Glu	1057	Lys
F9	Benign	Thr	194	Ala
F9	Benign	His	303	Tyr
PDHA1	Benign	Met	282	Leu
OTC	Benign	Lys	46	Arg
DMD	Benign	Glu	2910	Val
DMD	Benign	Asn	2912	Asp
DMD	Benign	His	2921	Arg
ZIC3	Benign	Pro	217	Ala
AGTR2	Benign	Gly	21	Val
ATRX	Benign	Asn	1860	Ser
FLNA	Benign	Pro	1291	Leu
MECP2	Benign	Gly	440	Ser
MYO7A	Benign	Arg	302	His
UMPS	Benign	Arg	96	Gly
IDUA	Benign	Gly	409	Arg
KLKB1	Benign	Ser	143	Asn
C2	Benign	Glu	318	Asp
BBS1	Benign	Glu	234	Lys
CYP21A2;LOC106780800;TNXB	Benign	Ser	269	Thr
CDH1	Benign	Leu	711	Val
CDH1	Benign	Ala	617	Thr
CDH1	Benign	Ser	838	Gly
CDH1	Benign	Thr	340	Ala
CDH1	Benign	Val	832	Met
UCHL1	Benign	Ser	18	Tyr
NTRK1	Benign	Gly	613	Val
KDR	Benign	Cys	482	Arg
BLK	Benign	Ala	71	Thr
TP53	Benign	Pro	72	Arg
TNNI3	Benign	Pro	82	Ser
TGFBR2	Benign	Thr	315	Met
TGFB1	Benign	Pro	10	Leu
TF	Benign	His	319	Arg
TF	Benign	Gly	671	Glu
TF	Benign	Pro	589	Ser
TF	Benign	Gly	277	Ser
ZEB1	Benign	Asn	78	Thr
TG	Benign	Arg	1999	Trp
TG	Benign	Ser	734	Ala
TG	Benign	Met	1028	Val
TBXA2R	Benign	Arg	60	Leu
THBD	Benign	Asp	486	Tyr
SOD3	Benign	Arg	231	Gly
SDHB	Benign	Ala	3	Gly
SPTA1	Benign	Ala	970	Asp
SSTR5	Benign	Arg	240	Trp
RNASEL	Benign	Arg	462	Gln
RPE65	Benign	Ala	132	Thr
SFTPA1	Benign	Arg	219	Trp
PRNP	Benign	Met	129	Val
PRNP	Benign	Asn	171	Ser
PRNP	Benign	Glu	219	Lys
TTR	Benign	Thr	139	Met
TTR	Benign	Gly	26	Ser
POLG	Benign	Tyr	831	Cys
SELP	Benign	Thr	756	Pro
SELP	Benign	Val	640	Leu
ITGB3	Benign	Arg	169	Gln
ITGB3	Benign	Leu	59	Pro
ITGB3	Benign	Arg	515	Gln
SERPINE1	Benign	Ala	15	Thr
MTHFD1	Benign	Arg	653	Gln
ALPP	Benign	Pro	25	Leu
ACP1	Benign	Gln	106	Arg
ABCB4	Benign	Thr	175	Ala
PPARA	Benign	Leu	162	Val
PRF1	Benign	Arg	4	His
TAP1	Benign	Asp	637	Gly
TAP1	Benign	Arg	659	Gln
PON1	Benign	Gln	192	Arg
PON1	Benign	Leu	55	Met
PAX8	Benign	Phe	329	Leu
PAX4	Benign	Arg	141	Trp
GLI3	Benign	Gly	727	Arg
RET	Benign	Arg	114	His
OAS1	Benign	Gly	162	Ser
PNP	Benign	Gly	51	Ser
NOS3	Benign	Asp	298	Glu
NTF4	Benign	Ala	88	Val
NTF4	Benign	Arg	206	Trp
NPY	Benign	Leu	7	Pro
PCSK1	Benign	Asn	221	Asp
MYH7	Benign	Thr	441	Met
MPL	Benign	Lys	39	Asn
MC1R	Benign	Val	92	Met
MC1R	Benign	Val	60	Leu
MBL2	Benign	Gly	57	Glu
LOX	Benign	Arg	158	Gln
LHB	Benign	Trp	28	Arg
LHB	Benign	Gly	122	Ser
RUNX1	Benign	His	85	Asn
LMNB2	Benign	Arg	235	Gln
LMNB2	Benign	Ala	427	Thr
KRT8	Benign	Gly	62	Cys
KRT8	Benign	Tyr	54	His
IL6R	Benign	Asp	358	Ala
IL4R	Benign	Gln	576	Arg
ITIH1	Benign	Glu	585	Val
MS4A2	Benign	Glu	237	Gly
FCGR2A	Benign	His	167	Arg
MSX1	Benign	Pro	153	Gln
HNF1A	Benign	Gly	31	Asp
SERPIND1	Benign	Arg	208	His
HBG2	Benign	Gly	17	Arg
HBG2	Benign	Arg	41	Lys
HBG2	Benign	Lys	67	Gln
HBG2	Benign	Lys	60	Glu
HBG1	Benign	Gln	40	Arg
HBG1	Benign	Glu	122	Lys
HBG1	Benign	Glu	6	Lys
HBG1	Benign	Arg	41	Lys
HBB	Benign	Glu	7	Ala
HBB	Benign	Glu	8	Gly
HBB	Benign	Gly	57	Arg
HBB	Benign	Asn	140	Lys
HBB	Benign	Glu	44	Gln
HBB	Benign	Gly	47	Glu
HBB	Benign	Lys	133	Gln
HBB	Benign	Asn	103	Thr
HBB	Benign	His	3	Gln
HBB	Benign	Lys	121	Asn
HBB	Benign	Arg	105	Thr
HBB	Benign	Asp	80	Tyr
HBB	Benign	Asp	22	Tyr
HBB	Benign	Thr	88	Pro
HBB	Benign	His	144	Tyr
HBA2	Benign	His	51	Asp
HBA2	Benign	Ser	103	Arg
HBA2	Benign	Lys	8	Glu
HBA1	Benign	Lys	91	Asn
HBA1	Benign	Gly	19	Arg
HBA1	Benign	Lys	91	Thr
HBA1	Benign	Gln	55	Glu
HBA1	Benign	Gly	16	Arg
HBA1	Benign	Glu	117	Ala
HBA1	Benign	Lys	8	Asn
HBA1	Benign	Gly	52	Ser
HP	Benign	Lys	72	Glu
GC	Benign	Thr	436	Lys
GC	Benign	Asp	432	Glu
APOH	Benign	Val	266	Leu
AHSG	Benign	Met	248	Thr
AHSG	Benign	Ser	256	Thr
C2;CFB	Benign	Arg	32	Gln
C2;CFB	Benign	Arg	32	Trp
C2;CFB	Benign	Leu	9	His
GPX1	Benign	Pro	200	Leu
GPT	Benign	His	14	Asp
H6PD	Benign	Arg	453	Gln
NR3C1	Benign	Asn	363	Ser
GCGR	Benign	Gly	40	Ser
GABRD	Benign	Arg	220	His
FLT4	Benign	Pro	954	Ser
FMO3	Benign	Val	257	Met
FMO3	Benign	Glu	308	Gly
FGB	Benign	Arg	478	Lys
FBN1	Benign	Arg	1170	His
FABP2	Benign	Thr	55	Ala
F13B	Benign	Arg	115	His
EPOR	Benign	Asn	487	Ser
EPHX1	Benign	Tyr	113	His
EPHX1	Benign	His	139	Arg
EDN3	Benign	Ala	224	Thr
EDN1	Benign	Lys	198	Asn
DRD4	Benign	Val	194	Gly
DRD3	Benign	Gly	9	Ser
DNASE1	Benign	Arg	244	Gln
DSPP	Benign	Arg	68	Trp
ALAD	Benign	Lys	59	Asn
CYP11B2	Benign	Val	386	Ala
CYP2D6	Benign	Arg	296	Cys
CTLA4	Benign	Thr	17	Ala
IL10RB	Benign	Lys	47	Glu
C8A	Benign	Gln	93	Lys
C3	Benign	Arg	102	Gly
C3	Benign	Pro	314	Leu
MLH1	Benign	Glu	578	Gly
MLH1	Benign	Asp	132	His
COL18A1	Benign	Asp	1260	Asn
COL11A1	Benign	Ser	1535	Pro
COL9A3	Benign	Arg	103	Trp
COL3A1	Benign	Ala	698	Thr
CCKAR	Benign	Gly	21	Arg
CDKN1A	Benign	Ser	31	Arg
COMT	Benign	Val	158	Met
CALCR	Benign	Leu	447	Pro
CDH15	Benign	Arg	60	Cys
CDH15	Benign	Ala	122	Val
BRCA1	Benign	Ser	1040	Asn
BRCA1	Benign	Arg	1443	Gly
BRCA1	Benign	Arg	841	Trp
BDNF	Benign	Val	66	Met
BMP4	Benign	Glu	93	Gly
BMP4	Benign	Arg	287	His
RHD	Benign	Val	270	Gly
FUT3	Benign	Leu	20	Arg
SLC14A1	Benign	Asp	280	Asn
KEL	Benign	Thr	193	Met
ACKR1	Benign	Gly	42	Asp
ADRB3	Benign	Trp	64	Arg
ADRB1	Benign	Ser	49	Gly
SLC4A1	Benign	Lys	56	Glu
SLC4A1	Benign	Pro	854	Leu
ATP2B2	Benign	Val	631	Met
AQP1	Benign	Ala	45	Val
APOE	Benign	Thr	60	Ala
APOE	Benign	Ser	314	Arg
APOA4	Benign	Gln	380	His
APOA4	Benign	Glu	250	Lys
SERPINA1	Benign	Val	237	Ala
SERPINA1	Benign	Arg	125	His
SERPINA1	Benign	Glu	400	Asp
SERPINA1	Benign	Asp	365	Asn
SERPINA3	Benign	Pro	252	Ala
SERPINA3	Benign	Ala	9	Thr
ANK2	Benign	Glu	3931	Lys
SAA1	Benign	Gly	90	Asp
SAA1	Benign	Ala	70	Val
ACY1	Benign	Arg	393	His
A2M	Benign	Cys	972	Tyr
A2M	Benign	Arg	704	His
ALB	Benign	Asp	293	Gly
ALB	Benign	Asp	574	Gly
ALB	Benign	Lys	597	Glu
ACHE	Benign	His	353	Asn
ACKR1	Benign	Arg	89	Cys
SOX17	Benign	Tyr	259	Asn
ACADVL	Benign	Gly	43	Asp
ACADVL	Benign	Leu	17	Phe
ACADVL	Benign	Arg	23	Gln
APC	Benign	Val	1822	Asp
GAMT;NDUFS7	Benign	Thr	209	Met
HPS1	Benign	Pro	491	Arg
HPS1	Benign	Gln	603	Arg
HPS1	Benign	Gly	283	Trp
NPC1	Benign	Arg	1266	Gln
SCN4A	Benign	Ser	906	Thr
SCN4A	Benign	Thr	323	Met
ARSA	Benign	Thr	393	Ser
KCNJ11	Benign	Gly	334	Asp
KCNJ11	Benign	Phe	35	Leu
KCNJ11	Benign	Gln	52	Arg
ESCO2	Benign	Ala	80	Val
RETREG1	Benign	Gln	379	Glu
RETREG1	Benign	Ser	382	Thr
JUP	Benign	Met	697	Leu
POLG	Benign	Arg	546	Cys
POLG	Benign	Glu	662	Lys
FANCI;POLG	Benign	Glu	1143	Gly
FANCI;POLG	Benign	Gln	1236	His
SCN9A	Benign	Pro	610	Thr
STIL	Benign	Ala	86	Val
KCNQ3	Benign	Glu	414	Gly
KCNQ3	Benign	Pro	574	Ser
SLC16A2	Benign	Ser	33	Pro
FMO3	Benign	Leu	360	Pro
LPIN2	Benign	Pro	348	Leu
MLC1	Benign	Asn	344	Ser
MLC1	Benign	Cys	171	Phe
MLC1	Benign	Asn	218	Lys
DARS2	Benign	Gly	338	Glu
DARS2	Benign	Lys	196	Arg
ASPM	Benign	Arg	430	Gly
ASPM	Benign	Ser	1090	Phe
ASPM	Benign	Tyr	2494	His
ASPM	Benign	Ser	2562	Gly
ASPM	Benign	Gln	2620	His
ASPM	Benign	Leu	3132	Arg
ASPM	Benign	His	3258	Arg
CDK5RAP2	Benign	Leu	571	Pro
CDK5RAP2	Benign	Gly	1022	Glu
CDK5RAP2	Benign	Arg	1045	Thr
CDK5RAP2	Benign	Val	1540	Leu
CDK5RAP2	Benign	Gln	1555	His
CDK5RAP2	Benign	Glu	289	Gln
CPAP	Benign	Pro	55	Ala
CPAP	Benign	Asp	63	His
CPAP	Benign	Ser	879	Ala
CPAP	Benign	Met	21	Val
MCPH1	Benign	Ala	761	Val
MCPH1	Benign	Pro	828	Ser
MCPH1	Benign	Asp	314	His
CASP10	Benign	Tyr	446	Cys
BBS4	Benign	Val	6	Ala
BBS4	Benign	Glu	3	Ala
CDAN1	Benign	Gln	596	Arg
CDAN1	Benign	Arg	891	Cys
CDAN1	Benign	Gln	107	Leu
CDAN1	Benign	Arg	129	His
KCNQ2	Benign	Asn	780	Thr
OTOF	Benign	Ala	53	Val
OTOF	Benign	Val	575	Met
OTOF	Benign	Arg	773	Cys
OTOF	Benign	Arg	82	Cys
OTOF	Benign	Arg	822	Trp
OTOF	Benign	Ala	1083	Pro
OTOF	Benign	Val	1625	Met
OTOF	Benign	Pro	1646	Ser
TH	Benign	Val	81	Met
COL4A5	Benign	Lys	664	Asn
SLC22A5	Benign	Leu	144	Phe
SLC22A5	Benign	Pro	549	Ser
GSTP1	Benign	Ala	114	Val
F5	Benign	His	1327	Arg
NTRK1	Benign	His	604	Tyr
ABO	Benign	Gly	268	Ala
EFHC1	Benign	Arg	221	His
SETX	Benign	Gln	653	Lys
CACNA1H	Benign	Arg	788	Cys
KCNQ1	Benign	Val	417	Met
SCN5A	Benign	His	558	Arg
SCN5A	Benign	Leu	1307	Phe
UMPS	Benign	Gly	429	Arg
NR5A1	Benign	Pro	129	Leu
RYR1	Benign	Thr	2787	Ser
HBG1	Benign	Ala	137	Gly
FMO3	Benign	Glu	158	Lys
FUT3	Benign	Gly	170	Ser
COL4A2	Benign	Glu	1123	Gly
COL4A2	Benign	Gln	1150	Lys
COL4A2	Benign	Ala	1690	Thr
IRS1	Benign	Gly	971	Arg
RYR1	Benign	His	3981	Tyr
CD4	Benign	Arg	265	Trp
CREBBP	Benign	Thr	910	Ala
GATA4	Benign	Ala	347	Val
CPT2	Benign	Phe	352	Cys
MAP3K1	Benign	Gly	616	Arg
FOXC1	Benign	Pro	297	Ser
GATA6	Benign	Ala	178	Val
RTN2	Benign	Ser	367	Phe
SCN9A	Benign	Met	943	Leu
SIX3	Benign	Gly	37	Cys
ALG6	Benign	Tyr	131	His
JPH2	Benign	Gly	505	Ser
GDF3	Benign	Leu	305	Pro
TRAF3IP2	Benign	Asp	10	Asn
CEP152	Benign	Lys	667	Arg
PRSS56	Benign	Pro	599	Ala
KEL	Benign	Leu	597	Pro
ASCC1	Benign	Asn	290	Ser
MYPN	Benign	Val	393	Ala
MYPN	Benign	Ser	691	Asn
MYPN	Benign	Ser	707	Asn
MYPN	Benign	Pro	1135	Thr
MYPN	Benign	Phe	628	Leu
MYPN	Benign	Ser	803	Arg
MYPN	Benign	Gly	804	Arg
MYPN	Benign	Val	410	Ala
MYPN	Benign	Glu	467	Lys
MYPN	Benign	Glu	614	Lys
PDLIM3	Benign	Val	127	Met
TNNI3;TNNT1	Benign	Glu	12	Gly
GNPAT	Benign	Asp	519	Gly
AIRE	Benign	Pro	252	Leu
ANK2	Benign	Val	2369	Ala
ATP7B	Benign	Ser	406	Ala
ATP7B	Benign	Val	456	Leu
ATP7B	Benign	Lys	832	Arg
ATP7B	Benign	Arg	952	Lys
ATP7B	Benign	His	1034	Arg
ATP7B	Benign	Val	1140	Ala
ATP7B	Benign	His	1207	Arg
BBS10	Benign	Asp	142	Asn
CASQ2	Benign	His	244	Arg
CASR	Benign	Thr	445	Ala
CD40LG	Benign	Gly	219	Arg
COL3A1	Benign	Ala	679	Thr
DCLRE1C	Benign	Gly	153	Arg
DCLRE1C	Benign	Pro	171	Arg
DSC2	Benign	Arg	798	Gln
DSG2	Benign	Ser	883	Pro
DSP	Benign	Gly	939	Ser
DSP	Benign	Arg	1852	His
FBN1	Benign	Ala	986	Thr
FBN1	Benign	Pro	1148	Ala
FBN1	Benign	Ala	2025	Ser
FBN1	Benign	Pro	2278	Ser
GHRHR	Benign	Ala	57	Thr
GHRHR	Benign	Glu	121	Asp
HNF4A	Benign	Ser	121	Gly
IFNGR1	Benign	His	335	Pro
IFNGR2	Benign	Thr	58	Arg
JAK3	Benign	Pro	151	Arg
KCNQ1	Benign	Gly	643	Ser
LDB3	Benign	Pro	101	Leu
LDB3	Benign	Lys	251	Arg
MECP2	Benign	Ala	370	Thr
MECP2	Benign	Pro	396	Leu
MECP2	Benign	Ala	455	Thr
MECP2	Benign	Val	493	Met
MECP2	Benign	Thr	323	Met
MEFV	Benign	Arg	202	Gln
MLH1	Benign	His	718	Tyr
MSH2	Benign	Asn	127	Ser
MSH6	Benign	Gly	39	Glu
MSH6	Benign	Leu	396	Val
MYBPC3	Benign	Arg	972	Trp
MYBPC3	Benign	Gln	998	Glu
MYH7	Benign	Asn	1327	Lys
MYLK2	Benign	Pro	144	Ala
NOS1AP	Benign	Ala	406	Val
PCSK9	Benign	Ala	53	Val
PCSK9	Benign	Gly	670	Glu
PMS2	Benign	Pro	470	Ser
PMS2	Benign	Asn	775	Ser
PMS2	Benign	Gly	857	Ala
RAG1	Benign	Asp	302	Glu
RYR2	Benign	Gly	1885	Glu
RYR2	Benign	Gly	1886	Ser
RYR2	Benign	Gln	2958	Arg
LOC102724058;SCN1A	Benign	Ala	1067	Thr
SCN1B	Benign	Arg	250	Thr
SCN5A	Benign	Val	1950	Leu
SDHB	Benign	Arg	11	His
SPINK1	Benign	Pro	55	Ser
SPINK1	Benign	Leu	12	Phe
HNF1A	Benign	Leu	555	Phe
HNF1A	Benign	Ser	574	Gly
HNF1A	Benign	His	582	Arg
HNF1A	Benign	Pro	291	Arg
TMEM43	Benign	Arg	312	Trp
TNFRSF13B	Benign	Val	220	Ala
FCGR3B	Benign	Asn	65	Ser
NDUFA1	Benign	Gly	32	Arg
GLI2	Benign	Ser	1538	Pro
GLI2	Benign	Asp	1503	Asn
APP	Benign	Ala	673	Thr
NIN	Benign	Gln	1222	Arg
MYH7	Benign	Ala	26	Val
BRCA1	Benign	Pro	346	Ser
BRCA1	Benign	Asp	369	Asn
BRCA1	Benign	Arg	496	Cys
BRCA1	Benign	Leu	512	Phe
BRCA1	Benign	Asn	550	His
BRCA1	Benign	Leu	668	Phe
BRCA1	Benign	Lys	719	Glu
BRCA1	Benign	Asn	723	Asp
BRCA1	Benign	Glu	736	Ala
BRCA1	Benign	Ser	784	Leu
BRCA1	Benign	Thr	826	Lys
BRCA1	Benign	Lys	862	Glu
BRCA1	Benign	Gly	890	Val
BRCA1	Benign	Lys	912	Arg
BRCA1	Benign	Ala	102	Gly
BRCA1	Benign	Arg	1028	Cys
BRCA1	Benign	Arg	1028	His
BRCA1	Benign	Lys	1109	Asn
BRCA1	Benign	Glu	1219	Asp
BRCA1	Benign	Pro	1238	Leu
BRCA1	Benign	Glu	1346	Lys
BRCA1	Benign	Glu	143	Lys
BRCA1	Benign	Lys	1606	Glu
BRCA1	Benign	Ser	1613	Cys
BRCA1	Benign	Met	1652	Thr
BRCA1	Benign	Leu	1664	Pro
BRCA1	Benign	Tyr	179	Cys
BRCA1	Benign	Asp	214	Gly
BRCA1	Benign	Thr	276	Arg
BRCA1	Benign	Ser	316	Gly
BRCA2	Benign	Thr	3349	Ala
BRCA2	Benign	Thr	3371	Ala
BRCA2	Benign	Arg	3385	Cys
BRCA2	Benign	Tyr	42	Cys
BRCA2	Benign	Glu	462	Gly
BRCA2	Benign	Asn	56	Thr
BRCA2	Benign	Thr	582	Pro
BRCA2	Benign	Lys	604	Glu
BRCA2	Benign	Ala	622	Val
BRCA2	Benign	Pro	655	Arg
BRCA2	Benign	Asp	935	His
BRCA2	Benign	Leu	1019	Val
BRCA2	Benign	Asn	1102	Tyr
BRCA2	Benign	Asn	1228	Asp
BRCA2	Benign	Cys	1290	Tyr
BRCA2	Benign	Cys	1365	Tyr
BRCA2	Benign	Gln	1396	Arg
BRCA2	Benign	Gly	1529	Arg
BRCA2	Benign	Thr	1557	Ser
BRCA2	Benign	Lys	1690	Asn
BRCA2	Benign	Asp	1699	Asn
BRCA2	Benign	Ser	1733	Phe
BRCA2	Benign	Gly	1771	Asp
BRCA2	Benign	Ala	1825	Val
BRCA2	Benign	Asn	1878	Lys
BRCA2	Benign	Leu	1904	Val
BRCA2	Benign	Asp	1923	Ala
BRCA2	Benign	Cys	1960	Tyr
BRCA2	Benign	His	2074	Asn
BRCA2	Benign	Thr	2097	Met
BRCA2	Benign	Arg	2108	His
BRCA2	Benign	Asn	2113	Ser
BRCA2	Benign	Phe	221	Leu
BRCA2	Benign	Thr	2250	Ala
BRCA2	Benign	Ala	2351	Gly
BRCA2	Benign	Gln	2384	Lys
BRCA2	Benign	Asp	2665	Gly
BRCA2	Benign	Met	2676	Thr
BRCA2	Benign	Lys	2729	Asn
BRCA2	Benign	Asn	277	Lys
BRCA2	Benign	Gly	2901	Asp
BRCA2	Benign	Ser	2922	Gly
BRCA2	Benign	Arg	2973	Cys
BRCA2	Benign	Arg	2991	His
BRCA2	Benign	Tyr	3098	His
BRCA2	Benign	Cys	315	Ser
BRCA2	Benign	Asn	3174	Lys
BRCA2	Benign	Cys	3198	Arg
BRCA2	Benign	Pro	3202	Leu
BRCA2	Benign	Gly	3212	Arg
BRCA2	Benign	Lys	322	Gln
BTD	Benign	Pro	371	Ser
GLRA1	Benign	Gly	370	Ser
COL5A1	Benign	Gly	530	Ser
PCCB	Benign	Ala	497	Val
WRN	Benign	Arg	834	Cys
TGFB1	Benign	Arg	25	Pro
MESP2	Benign	Ala	66	Gly
MESP2	Benign	Ser	224	Pro
TINF2	Benign	Pro	236	Ser
DKC1	Benign	Ser	280	Arg
LRRK2	Benign	Ala	419	Val
LRRK2	Benign	His	50	Arg
LRRK2	Benign	Arg	506	Gln
LRRK2	Benign	Pro	755	Leu
LRRK2	Benign	Gln	1111	His
LRRK2	Benign	Pro	1262	Ala
LRRK2	Benign	Arg	1398	His
LRRK2	Benign	Thr	1410	Met
LRRK2	Benign	Pro	1446	Leu
LRRK2	Benign	Arg	1514	Gln
LRRK2	Benign	Pro	1542	Ser
LRRK2	Benign	Met	1646	Thr
LRRK2	Benign	Ser	1647	Thr
LRRK2	Benign	Gln	1823	Lys
LRRK2	Benign	Asn	2081	Asp
LRRK2	Benign	Thr	2141	Met
CYP4V2	Benign	Leu	22	Val
BAG3	Benign	Arg	258	Trp
PDGFRA	Benign	Ala	401	Asp
KLHL10	Benign	Gln	216	Pro
POLG2	Benign	Arg	369	Gly
BRAF	Benign	Asp	22	Asn
BRAF	Benign	Glu	26	Asp
CBL	Benign	Met	487	Val
CBL	Benign	Leu	624	Ser
CBL	Benign	Ser	739	Phe
CBL	Benign	Ala	757	Thr
CBL	Benign	Ala	848	Thr
HRAS	Benign	Asn	86	Thr
HRAS	Benign	Pro	167	Leu
HRAS	Benign	Pro	174	Ser
PTPN11	Benign	Arg	351	Gln
PTPN11	Benign	Thr	553	Met
RAF1	Benign	Phe	22	Leu
RAF1	Benign	Arg	40	His
RAF1	Benign	Asn	71	Ser
RAF1	Benign	Pro	308	Leu
RAF1	Benign	Val	312	Ala
SHOC2	Benign	Ser	4	Arg
SOS1	Benign	Pro	25	Ser
SOS1	Benign	Thr	37	Ala
SOS1	Benign	Val	250	Ala
SOS1	Benign	Pro	340	Ser
SOS1	Benign	Leu	569	Val
SOS1	Benign	Pro	655	Leu
SOS1	Benign	Ala	708	Thr
SOS1	Benign	Gly	719	Ala
SOS1	Benign	Asn	1011	Ser
SOS1	Benign	Asp	1200	Glu
MAP2K1	Benign	Ala	283	Val
MAP2K2	Benign	Lys	273	Arg
MAP2K2	Benign	Pro	282	Ser
MAP2K2	Benign	Pro	298	Leu
MAP2K2	Benign	Arg	388	Trp
MAP2K2	Benign	Val	400	Met
COMP	Benign	Asn	386	Asp
F8	Benign	Asp	1260	Glu
F8	Benign	Met	2257	Val
CHRNA4	Benign	Arg	336	His
PRKN	Benign	Val	380	Leu
PRKN	Benign	Asp	394	Asn
PRKN	Benign	Ser	167	Asn
SPG11	Benign	Phe	463	Ser
DLL3	Benign	Leu	142	Gln
DLL3;LOC130064417;PLEKHG2	Benign	Phe	172	Cys
DLL3	Benign	Leu	218	Pro
TLR3	Benign	Leu	412	Phe
APC	Benign	Pro	870	Ser
APC	Benign	Leu	1129	Ser
APC	Benign	Ala	2274	Val
APC	Benign	Gly	2502	Ser
APC	Benign	Ser	2621	Cys
APC	Benign	Ala	735	Val
APC	Benign	Asp	1083	Glu
APC	Benign	Asn	1118	Asp
APC	Benign	Glu	140	Asp
BRCA2	Benign	Ser	384	Phe
BRCA2	Benign	Thr	598	Ala
BRCA2	Benign	Met	784	Val
BRCA2	Benign	Asn	991	Asp
BRCA2	Benign	Ser	1172	Leu
BRCA2	Benign	Gly	1194	Asp
BRCA2	Benign	Asp	1420	Tyr
BRCA2	Benign	Lys	1531	Asn
BRCA2	Benign	Glu	1593	Asp
BRCA2	Benign	Asp	1911	Val
BRCA2	Benign	Thr	1915	Met
BRCA2	Benign	Arg	2034	Cys
BRCA2	Benign	Arg	2108	Cys
BRCA2	Benign	His	2116	Arg
BRCA2	Benign	His	2440	Arg
BRCA2	Benign	Ala	2717	Ser
BRCA2	Benign	Asn	289	His
BRCA2	Benign	Ala	2951	Thr
CDKN2A	Benign	Ala	127	Ser
CDKN2A	Benign	Arg	144	Cys
CDKN2A	Benign	Ala	148	Thr
MSH6	Benign	Val	509	Ala
MSH6	Benign	Pro	1073	Ser
KIT	Benign	Asn	400	Ser
KIT	Benign	Met	541	Leu
MET	Benign	Val	37	Ala
MET	Benign	Asn	375	Ser
MLH1	Benign	Val	384	Asp
MLH1	Benign	Ser	406	Asn
MLH1	Benign	Pro	581	Leu
MLH1	Benign	Pro	603	Arg
MLH1	Benign	Val	716	Met
MLH1	Benign	Val	213	Met
MSH2	Benign	Leu	390	Phe
MSH2	Benign	Ala	2	Thr
MSH2	Benign	Ala	272	Val
MSH2	Benign	Gly	315	Val
PTCH1	Benign	Pro	725	Ser
PTCH1	Benign	Arg	893	His
PTCH1	Benign	Pro	1282	Leu
PTCH1	Benign	Pro	1315	Leu
PTCH1	Benign	Arg	1391	Trp
NF1	Benign	Ala	2532	Val
PTEN	Benign	Ala	79	Thr
RB1	Benign	Glu	137	Asp
RB1	Benign	Asp	210	Tyr
TSC1	Benign	Ser	334	Leu
TSC1	Benign	Thr	360	Asn
TSC1	Benign	Gln	550	Glu
TSC1	Benign	Thr	899	Ser
TSC1	Benign	Met	322	Thr
PMS2	Benign	Thr	485	Lys
PMS2	Benign	Thr	511	Ala
PMS2	Benign	Thr	511	Met
PMS2	Benign	Arg	563	Leu
PMS2	Benign	Thr	597	Ser
PMS2	Benign	Arg	20	Gln
TSC2	Benign	Arg	367	Gln
TSC2	Benign	Ala	583	Thr
TSC2	Benign	Ala	607	Thr
TSC2	Benign	Ala	1257	Val
TSC2	Benign	Ser	1276	Phe
TSC2	Benign	Pro	1305	Leu
TSC2	Benign	Arg	1329	His
TSC2	Benign	Ala	1429	Ser
PKD1;TSC2	Benign	Ser	1774	Thr
TSC2	Benign	Arg	1795	Cys
MUTYH	Benign	Ala	345	Val
MUTYH	Benign	Ser	487	Phe
MUTYH	Benign	Leu	501	Met
MUTYH	Benign	Arg	506	Gln
MUTYH	Benign	Val	8	Met
MUTYH	Benign	Gln	310	His
PTCH1	Benign	Glu	44	Gly
PTCH1	Benign	Asp	55	His
SDHC	Benign	His	114	Leu
BMPR1A	Benign	Pro	2	Thr
CDH1	Benign	Ala	592	Thr
CDH1	Benign	Gly	693	Ser
CDH1	Benign	Arg	224	His
CDH1	Benign	Ala	298	Thr
PDGFRA	Benign	Arg	340	Gln
PDGFRA	Benign	Ser	478	Pro
PDGFRA	Benign	Gly	79	Asp
PDGFRA	Benign	Leu	221	Phe
BRCA1	Benign	Gln	356	Arg
BRCA1	Benign	Asp	411	Glu
BRCA1	Benign	Arg	496	His
BRCA1	Benign	Glu	597	Lys
BRCA1	Benign	Asp	693	Asn
BRCA1	Benign	Val	772	Ala
BRCA1	Benign	Lys	820	Glu
BRCA1	Benign	Arg	866	Cys
BRCA1	Benign	Pro	871	Leu
BRCA1	Benign	Glu	1038	Gly
BRCA1	Benign	Pro	1099	Leu
BRCA1	Benign	Ser	1140	Gly
BRCA1	Benign	Lys	1183	Arg
BRCA1	Benign	Leu	1261	Phe
BRCA1	Benign	Arg	1347	Gly
BRCA1	Benign	Pro	142	His
BRCA1	Benign	Arg	1507	Thr
BRCA1	Benign	Ser	1613	Gly
BRCA1	Benign	Met	1628	Thr
BRCA1	Benign	His	1860	Pro
BRCA1	Benign	Leu	246	Val
SDHAF2	Benign	Arg	33	Cys
RET	Benign	Arg	67	His
RET	Benign	Thr	278	Asn
FLCN	Benign	Arg	320	Gln
TAFAZZIN	Benign	Phe	128	Ser
FBN1	Benign	Thr	1020	Ala
FBN1	Benign	Pro	1141	Leu
GLA	Benign	Thr	385	Ala
GLA	Benign	Leu	3	Pro
JAG1	Benign	Pro	871	Arg
KCNQ1	Benign	Pro	408	Ala
KCNQ1	Benign	Val	207	Met
MLH1	Benign	Val	326	Ala
MYBPC3	Benign	Arg	382	Trp
MYBPC3	Benign	Ala	522	Thr
MYBPC3	Benign	Ala	833	Val
MYBPC3	Benign	Glu	872	Lys
MYBPC3	Benign	Val	896	Met
MYBPC3	Benign	Arg	1002	Trp
MYBPC3	Benign	Arg	1036	Cys
MYBPC3	Benign	Val	158	Met
MYBPC3	Benign	Arg	177	His
MYBPC3	Benign	Ser	236	Gly
MYBPC3	Benign	Gly	278	Glu
MYBPC3	Benign	Arg	326	Gln
MYH7	Benign	Arg	787	His
MYH7	Benign	Met	982	Thr
MYH7	Benign	Asp	1096	Tyr
MYH7	Benign	Ala	1128	Thr
MYH7	Benign	Lys	1459	Asn
MYH7	Benign	Ser	1491	Cys
MYH7	Benign	Ala	1637	Thr
MYH7	Benign	Glu	1902	Gln
MYO7A	Benign	Arg	336	His
MYO7A	Benign	Asp	746	Asn
MYO7A	Benign	Ser	1530	Leu
MYO7A	Benign	Thr	1566	Met
MYO7A	Benign	Leu	16	Ser
MYO7A	Benign	Arg	1602	Gln
MYO7A	Benign	Ser	1666	Cys
MYO7A	Benign	Tyr	1719	Cys
MYO7A	Benign	Asp	2142	Asn
MYO7A	Benign	Gly	2214	Ser
SLC26A4	Benign	Ala	357	Thr
SLC26A4	Benign	Phe	354	Ser
SLC26A4	Benign	Val	609	Gly
SLC26A4	Benign	Thr	67	Ser
SLC26A4	Benign	Gln	730	His
SLC26A4	Benign	Gly	740	Ser
SLC26A4	Benign	Ala	189	Ser
SLC26A4	Benign	Asn	324	Tyr
ELN	Benign	Gly	422	Ser
ELN	Benign	Ala	71	Val
ELN	Benign	Gly	711	Asp
TP53	Benign	Pro	47	Ser
HGF	Benign	Glu	304	Lys
TNNT2	Benign	Lys	263	Arg
TPM1	Benign	Lys	259	Glu
TMPO	Benign	Ala	287	Pro
RYR2	Benign	Val	379	Met
RYR2	Benign	Thr	4281	Met
RYR2	Benign	Ala	1136	Val
RYR2	Benign	Ser	1400	Gly
RYR2	Benign	Lys	3187	Arg
MARVELD2	Benign	Asp	111	Asn
TRIOBP	Benign	Gly	131	Ser
TRIOBP	Benign	Arg	1367	Trp
TRIOBP	Benign	Glu	1372	Asp
TRIOBP	Benign	Trp	1377	Arg
TRIOBP	Benign	Pro	1393	Leu
TRIOBP	Benign	Arg	1445	Gly
TRIOBP	Benign	Ser	2091	Thr
TRIOBP	Benign	Val	2300	Ala
PJVK	Benign	Gly	292	Arg
GRXCR1	Benign	Ala	47	Val
GRXCR1	Benign	Glu	9	Lys
ACTN2	Benign	Asp	475	Asn
ACTN2	Benign	Met	604	Val
TPRN	Benign	Lys	583	Arg
RBM20	Benign	Ser	455	Leu
RBM20	Benign	Ser	768	Leu
RBM20	Benign	Arg	1057	Gln
RBM20	Benign	Glu	1125	Lys
RBM20	Benign	Glu	1223	Gln
RBM20	Benign	Pro	173	Thr
RBM20	Benign	Gly	232	Asp
TOMT;ANAPC15;LRTOMT	Benign	Arg	175	Gln
MYH14	Benign	Pro	342	Ala
MYH14	Benign	Gly	681	Arg
MYH14	Benign	Arg	931	His
MYH14	Benign	Ala	1250	Glu
MYH14	Benign	Pro	31	Thr
CLDN14	Benign	Thr	4	Met
TJP2	Benign	Asp	482	Glu
TJP2	Benign	Arg	493	Lys
TJP2	Benign	Gln	128	Lys
PDZD7	Benign	Gly	538	Glu
PDZD7	Benign	His	711	Arg
PDZD7	Benign	Pro	715	Leu
PDZD7	Benign	Lys	790	Glu
